ID,Car_Name,Year_model,Role
C01,ritz,2014,VM
C02,sx4,2013,User
C03,ciaz,2017,User
C04,wagon r,2011,User
C05,swift,2014,User
C06,vitara brezza,2018,User
C07,ciaz,2015,User
C08,s cross,2015,User
C09,ciaz,2016,User
C10,ciaz,2015,User
C11,alto 800,2017,VM
C12,ciaz,2015,VM
C13,ciaz,2015,VM
C14,ertiga,2015,VM
C15,dzire,2009,VM
C16,ertiga,2016,VM
C17,ertiga,2015,VM
C18,ertiga,2016,User
C19,wagon r,2015,User
C20,sx4,2010,User
C21,alto k10,2016,User
C22,ignis,2017,User
C23,sx4,2011,User
C24,alto k10,2014,User
C25,wagon r,2013,User
C26,swift,2011,User
C27,swift,2013,User
C28,swift,2017,User
C29,alto k10,2010,User
C30,ciaz,2015,User
C31,ritz,2012,User
C32,ritz,2011,User
C33,swift,2014,User
C34,ertiga,2014,User
C35,dzire,2014,User
C36,sx4,2011,User
C37,dzire,2015,VM
C38,800,2003,User
C39,alto k10,2016,VM
C40,sx4,2003,VM
C41,baleno,2016,VM
C42,alto k10,2014,VM
C43,sx4,2008,VM
C44,dzire,2014,VM
C45,omni,2012,VM
C46,ciaz,2014,VM
C47,ritz,2013,VM
C48,wagon r,2006,VM
C49,ertiga,2015,VM
C50,ciaz,2017,VM
C51,fortuner,2012,VM
C52,fortuner,2015,VM
C53,innova,2017,VM
C54,fortuner,2013,VM
C55,innova,2005,VM
C56,corolla altis,2009,VM
C57,etios cross,2015,VM
C58,corolla altis,2010,VM
C59,etios g,2014,User
C60,fortuner,2014,User
C61,corolla altis,2013,User
C62,etios cross,2015,User
C63,fortuner,2014,User
C64,fortuner,2015,User
C65,fortuner,2017,User
C66,etios liva,2014,User
C67,innova,2017,User
C68,fortuner,2010,User
C69,corolla altis,2011,User
C70,corolla altis,2016,User
C71,etios liva,2014,User
C72,corolla altis,2011,User
C73,corolla altis,2013,User
C74,etios liva,2011,User
C75,etios cross,2014,User
C76,etios g,2015,User
C77,corolla altis,2013,User
C78,corolla,2004,User
C79,corolla altis,2010,User
C80,fortuner,2012,User
C81,corolla altis,2016,User
C82,etios gd,2015,User
C83,innova,2017,User
C84,innova,2015,User
C85,innova,2005,User
C86,camry,2006,User
C87,land cruiser,2010,User
C88,corolla altis,2012,User
C89,etios liva,2013,User
C90,etios g,2014,User
C91,corolla altis,2009,User
C92,innova,2014,User
C93,innova,2005,User
C94,fortuner,2015,User
C95,corolla altis,2008,User
C96,corolla altis,2012,User
C97,innova,2016,User
C98,corolla altis,2017,User
C99,corolla altis,2013,User
C100,fortuner,2010,User
C101,Royal Enfield Thunder 500,2016,User
C102,UM Renegade Mojave,2017,User
C103,KTM RC200,2017,User
C104,Bajaj Dominar 400,2017,User
C105,Royal Enfield Classic 350,2017,User
C106,KTM RC390,2015,User
C107,Hyosung GT250R,2014,User
C108,Royal Enfield Thunder 350,2013,User
C109,Royal Enfield Thunder 350,2016,User
C110,Royal Enfield Classic 350,2017,User
C111,KTM RC200,2016,User
C112,Royal Enfield Thunder 350,2016,User
C113,KTM 390 Duke ,2014,User
C114,Mahindra Mojo XT300,2016,User
C115,Royal Enfield Classic 350,2015,User
C116,Royal Enfield Classic 350,2015,User
C117,Royal Enfield Classic 350,2013,User
C118,Royal Enfield Thunder 500,2015,User
C119,Royal Enfield Classic 350,2015,User
C120,Royal Enfield Thunder 500,2013,User
C121,Bajaj Pulsar RS200,2016,User
C122,Royal Enfield Thunder 350,2011,User
C123,Royal Enfield Bullet 350,2016,User
C124,Royal Enfield Classic 350,2013,User
C125,Royal Enfield Classic 500,2012,User
C126,Royal Enfield Classic 500,2009,User
C127,Bajaj Avenger 220,2017,User
C128,Bajaj Avenger 150,2016,User
C129,Honda CB Hornet 160R,2017,User
C130,Yamaha FZ S V 2.0,2017,User
C131,Honda CB Hornet 160R,2017,User
C132,Yamaha FZ 16,2015,User
C133,Bajaj Avenger 220,2017,User
C134,Bajaj Avenger 220,2016,User
C135,TVS Apache RTR 160,2017,User
C136,Bajaj Pulsar 150,2015,User
C137,Honda CBR 150,2014,User
C138,Hero Extreme,2013,User
C139,Honda CB Hornet 160R,2016,User
C140,Bajaj Avenger 220 dtsi,2015,User
C141,Honda CBR 150,2013,User
C142,Bajaj Avenger 150 street,2016,User
C143,Yamaha FZ  v 2.0,2015,User
C144,Yamaha FZ  v 2.0,2016,User
C145,Bajaj Pulsar  NS 200,2014,User
C146,TVS Apache RTR 160,2012,User
C147,Hero Extreme,2014,User
C148,Yamaha FZ S V 2.0,2015,User
C149,Bajaj Pulsar 220 F,2010,User
C150,Bajaj Pulsar 220 F,2016,User
C151,TVS Apache RTR 180,2011,User
C152,Hero Passion X pro,2016,User
C153,Bajaj Pulsar NS 200,2012,User
C154,Bajaj Pulsar NS 200,2013,User
C155,Yamaha Fazer ,2014,User
C156,Honda Activa 4G,2017,User
C157,TVS Sport ,2017,User
C158,Yamaha FZ S V 2.0,2015,User
C159,Honda Dream Yuga ,2017,User
C160,Honda Activa 4G,2017,User
C161,Bajaj Avenger Street 220,2011,User
C162,TVS Apache RTR 180,2014,User
C163,Bajaj Pulsar NS 200,2012,User
C164,Bajaj Avenger 220 dtsi,2010,User
C165,Hero Splender iSmart,2016,User
C166,Activa 3g,2016,User
C167,Hero Passion Pro,2016,User
C168,TVS Apache RTR 160,2014,User
C169,Honda CB Trigger,2013,User
C170,Hero Splender iSmart,2015,User
C171,Yamaha FZ S ,2012,User
C172,Hero Passion Pro,2015,User
C173,Bajaj Pulsar 135 LS,2014,User
C174,Activa 4g,2017,User
C175,Honda CB Unicorn,2015,User
C176,Hero Honda CBZ extreme,2011,User
C177,Honda Karizma,2011,User
C178,Honda Activa 125,2016,User
C179,TVS Jupyter,2014,User
C180,Honda Karizma,2010,User
C181,Hero Honda Passion Pro,2012,User
C182,Hero Splender Plus,2016,User
C183,Honda CB Shine,2013,User
C184,Bajaj Discover 100,2013,User
C185,Bajaj Pulsar 150,2008,User
C186,Suzuki Access 125,2008,User
C187,TVS Wego,2010,User
C188,Honda CB twister,2013,User
C189,Hero Glamour,2013,User
C190,Hero Super Splendor,2005,User
C191,Bajaj Pulsar 150,2008,User
C192,Bajaj Discover 125,2012,User
C193,Hero Hunk,2007,User
C194,Hero  Ignitor Disc,2013,User
C195,Hero  CBZ Xtreme,2008,User
C196,Bajaj  ct 100,2015,User
C197,Activa 3g,2008,User
C198,Honda CB twister,2010,User
C199,Bajaj Discover 125,2011,User
C200,Honda CB Shine,2007,User
C201,Bajaj Pulsar 150,2006,User
C202,i20,2010,User
C203,grand i10,2015,User
C204,i10,2011,User
C205,eon,2015,User
C206,grand i10,2016,User
C207,xcent,2017,User
C208,grand i10,2015,User
C209,i20,2017,User
C210,grand i10,2015,User
C211,i10,2012,User
C212,elantra,2015,User
C213,creta,2016,User
C214,i20,2011,User
C215,grand i10,2017,User
C216,verna,2012,User
C217,eon,2016,User
C218,eon,2016,User
C219,verna,2014,User
C220,verna,2012,User
C221,eon,2017,User
C222,i20,2013,User
C223,i20,2014,User
C224,verna,2015,User
C225,verna,2013,User
C226,i10,2011,User
C227,grand i10,2015,User
C228,i10,2011,User
C229,verna,2012,User
C230,i20,2012,User
C231,verna,2013,User
C232,verna,2017,User
C233,elantra,2015,User
C234,grand i10,2013,User
C235,grand i10,2015,User
C236,verna,2017,User
C237,eon,2016,User
C238,creta,2015,User
C239,verna,2013,User
C240,eon,2012,User
C241,verna,2012,User
C242,xcent,2015,User
C243,xcent,2014,User
C244,i20,2016,User
C245,verna,2013,User
C246,verna,2012,User
C247,i20,2012,User
C248,verna,2015,User
C249,i10,2013,User
C250,i20,2016,User
C251,creta,2016,User
C252,city,2013,User
C253,brio,2015,User
C254,city,2014,User
C255,city,2013,User
C256,brio,2012,User
C257,city,2016,User
C258,city,2015,User
C259,city,2015,User
C260,amaze,2014,User
C261,city,2016,User
C262,brio,2016,User
C263,amaze,2015,User
C264,jazz,2016,User
C265,amaze,2015,User
C266,jazz,2017,User
C267,amaze,2014,User
C268,city,2016,User
C269,brio,2017,User
C270,city,2015,User
C271,city,2011,User
C272,city,2009,User
C273,city,2015,User
C274,jazz,2010,User
C275,brio,2014,User
C276,city,2016,User
C277,city,2015,User
C278,city,2015,User
C279,jazz,2016,User
C280,city,2014,User
C281,brio,2015,User
C282,city,2006,User
C283,city,2014,User
C284,city,2016,User
C285,brio,2013,User
C286,jazz,2016,User
C287,jazz,2016,User
C288,amaze,2015,User
C289,city,2015,User
C290,city,2016,User
C291,amaze,2014,User
C292,brio,2015,User
C293,jazz,2016,User
C294,city,2010,User
C295,amaze,2014,User
C296,city,2015,User
C297,city,2016,User
C298,brio,2015,User
C299,city,2009,User
C300,city,2017,User
C301,brio,2016,User
